f3c8ccd5-401d-4d3f-963e-83682d27fc72, d5a555cf-f1b3-4314-934b-90faf98765b1, 0, volunteer,0d9835ba-848e-4b84-b151-9cb7b231cc9a,false
f3c8ccd5-401d-4d3f-963e-83682d27fc72, 3486d8f3-95a6-4c5b-a78d-b9b28879e991, 0, volunteer,78a7aece-a3d8-435c-9c53-5188cab85e8c,false
5ea0ae6c-a24c-4686-bee7-c9503ade1d22, 37b92d71-1571-4569-8751-29101eca9800, 0, volunteer,75085680-a548-42f3-b068-1f7ff020d571,false
5ea0ae6c-a24c-4686-bee7-c9503ade1d22, 3486d8f3-95a6-4c5b-a78d-b9b28879e991, 0, volunteer,78a7aece-a3d8-435c-9c53-5188cab85e8c,false
89a94d57-9af0-4e05-ae09-0e842164c002, 37b92d71-1571-4569-8751-29101eca9800, 0, volunteer,75085680-a548-42f3-b068-1f7ff020d571,false
9195ec4f-b629-463a-8cef-022035806239, 828ae6b7-d135-400e-8abc-b14f2e28e03e, 0, volunteer,5f06e898-ae6d-4b90-8e68-0d6e13ab09cd,false
47346aa6-8778-42a5-b062-059dc5a27de5, 0273bc2b-ca70-429f-9c2b-bc4bac26ce49, 0, volunteer,9467a03c-360b-4723-8599-d48d36a0ba4d,false
356d1c84-aec0-45e7-815a-48f2be64c767, e08482c9-d8c6-44f3-ba65-a7ad19ae7a8c, 0, volunteer,6a37cb0e-404b-4019-a71c-9234b925a200,false
390ee1a1-0eac-4035-bd69-008aea89900e, d5a555cf-f1b3-4314-934b-90faf98765b1, 0, volunteer,0d9835ba-848e-4b84-b151-9cb7b231cc9a,true
89a94d57-9af0-4e05-ae09-0e842164c002, d5a555cf-f1b3-4314-934b-90faf98765b1, 0, volunteer,0d9835ba-848e-4b84-b151-9cb7b231cc9a,false
a393b889-4289-40cb-ae99-ed01823dcd1e, 679f1e6f-b05b-4741-9079-c0ef9eb5c79d, 0, volunteer,c3b1dd07-f8da-4e2f-ab3f-67f79dfa5fbb,false
0305eea7-45ee-4b65-aae3-e4d279c56466, e08482c9-d8c6-44f3-ba65-a7ad19ae7a8c, 0, volunteer,6a37cb0e-404b-4019-a71c-9234b925a200,false
cdf50e60-b6b9-41cc-8e06-645fdc830a25, 3486d8f3-95a6-4c5b-a78d-b9b28879e991, 0, volunteer,78a7aece-a3d8-435c-9c53-5188cab85e8c,false
374705cb-66c3-4075-b504-bbb055339e36, 828ae6b7-d135-400e-8abc-b14f2e28e03e, 0, volunteer,5f06e898-ae6d-4b90-8e68-0d6e13ab09cd,false
54d54987-59bc-448c-8084-79676de84a4a, e08482c9-d8c6-44f3-ba65-a7ad19ae7a8c, 0, volunteer,6a37cb0e-404b-4019-a71c-9234b925a200,false
69e4374e-4b37-45db-b6f0-2c67cd769911, d5a555cf-f1b3-4314-934b-90faf98765b1, 0, volunteer,0d9835ba-848e-4b84-b151-9cb7b231cc9a,false
69e4374e-4b37-45db-b6f0-2c67cd769911, 0273bc2b-ca70-429f-9c2b-bc4bac26ce49, 0, volunteer,9467a03c-360b-4723-8599-d48d36a0ba4d,false
df16394b-2e87-4345-8f5e-a1c0576868f8, 37b92d71-1571-4569-8751-29101eca9800, 0, volunteer,75085680-a548-42f3-b068-1f7ff020d571,false
632f3446-2ea6-470e-b3dd-dcd07cfb0f22, d5a555cf-f1b3-4314-934b-90faf98765b1, 1, volunteer,0d9835ba-848e-4b84-b151-9cb7b231cc9a,false
632f3446-2ea6-470e-b3dd-dcd07cfb0f22, e08482c9-d8c6-44f3-ba65-a7ad19ae7a8c, 0, volunteer,6a37cb0e-404b-4019-a71c-9234b925a200,false
